,num_items,capacity,optimal_solution,iterations,iterations,iterations,solution,solution,solution,time,time,time
,,,,max,mean,std,max,mean,std,max,mean,std
0,100,995,1514,21,21.0,0.0,1514,1514.0,0.0,0.002242565155029297,0.002116711139678955,1.9808090297688964e-05
1,200,1008,1634,34,34.0,0.0,1634,1634.0,0.0,0.009323358535766602,0.008560616970062256,0.00013831732214029913
2,500,2543,4566,62,62.0,0.0,4566,4566.0,0.0,0.011291742324829102,0.009777822494506837,0.0001732060634679917
3,1000,5002,9052,128,128.0,0.0,9052,9052.0,0.0,0.05333566665649414,0.038261704444885254,0.0024754746567080665
