,num_items,capacity,optimal_solution,generations,generations,generations,solution,solution,solution,time,time,time
,,,,max,mean,std,max,mean,std,max,mean,std
0,100,995,1514,100,100.0,0.0,0,0.0,0.0,0.3048248291015625,0.26022326707839966,0.005745583070179808
1,200,1008,1634,100,100.0,0.0,0,0.0,0.0,0.5275166034698486,0.4880386710166931,0.008107913973915295
2,500,2543,4566,100,100.0,0.0,0,0.0,0.0,1.3918278217315674,1.1873831462860107,0.04476320218508199
3,1000,5002,9052,100,100.0,0.0,0,0.0,0.0,3.27821683883667,2.415879395008087,0.18823711410059102
