,num_items,capacity,optimal_solution,generations,generations,generations,solution,solution,solution,time,time,time
,,,,max,mean,std,max,mean,std,max,mean,std
0,100,995,1514,100,100.0,0.0,0,0.0,0.0,0.25999021530151367,0.25520566940307615,0.0014445456348260814
1,200,1008,1634,100,100.0,0.0,0,0.0,0.0,0.5251181125640869,0.47910245418548586,0.008536928972367682
2,500,2543,4566,100,100.0,0.0,0,0.0,0.0,1.1660079956054688,1.1307680130004882,0.010528715544110995
3,1000,5002,9052,100,100.0,0.0,0,0.0,0.0,2.3824033737182617,2.2190366840362548,0.053407286847747086
