,num_items,capacity,optimal_solution,iterations,iterations,iterations,solution,solution,solution,time,time,time
,,,,max,mean,std,max,mean,std,max,mean,std
0,100,997,2397,34,34.0,0.0,2397,2397.0,0.0,0.000518798828125,0.00048787593841552733,7.688282729447125e-06
1,200,997,2697,72,72.0,0.0,2697,2697.0,0.0,0.0400235652923584,0.011829333305358887,0.0028527585612691214
2,500,2517,7117,114,114.0,0.0,7117,7117.0,0.0,0.031048059463500977,0.019933652877807618,0.0014002235141738792
3,1000,4990,14390,210,210.0,0.0,14390,14390.0,0.0,0.7724587917327881,0.7034325265884399,0.017095601069754753
