,num_items,capacity,optimal_solution,generations,generations,generations,solution,solution,solution,time,time,time
,,,,max,mean,std,max,mean,std,max,mean,std
0,100,997,2397,100,100.0,0.0,0,0.0,0.0,0.2903633117675781,0.25439990282058716,0.007165334106184528
1,200,997,2697,100,100.0,0.0,0,0.0,0.0,0.5225896835327148,0.4766323328018188,0.008109025233978231
2,500,2517,7117,100,100.0,0.0,0,0.0,0.0,1.2305386066436768,1.1150717449188232,0.026519369294072937
3,1000,4990,14390,100,100.0,0.0,0,0.0,0.0,2.304274320602417,2.214309959411621,0.02425872959478719
