,num_items,capacity,optimal_solution,generations,generations,generations,solution,solution,solution,time,time,time
,,,,max,mean,std,max,mean,std,max,mean,std
0,100,997,2397,100,100.0,0.0,0,0.0,0.0,0.3017916679382324,0.2694037103652954,0.006554879528163734
1,200,997,2697,100,100.0,0.0,0,0.0,0.0,0.728980302810669,0.5084046697616578,0.027540398540477084
2,500,2517,7117,100,100.0,0.0,0,0.0,0.0,1.586350679397583,1.2592635679244994,0.10192419598676837
3,1000,4990,14390,100,100.0,0.0,0,0.0,0.0,2.5884907245635986,2.295801935195923,0.0612231917203869
