,num_items,capacity,optimal_solution,iterations,iterations,iterations,solution,solution,solution,time,time,time
,,,,max,mean,std,max,mean,std,max,mean,std
0,100,995,9147,28,28.0,0.0,9147,9147.0,0.0,0.00046896934509277344,0.000455327033996582,3.6141417392276746e-06
1,200,1008,11238,36,36.0,0.0,11238,11238.0,0.0,0.0017092227935791016,0.0014268159866333008,3.3676609912418104e-05
2,500,2543,28857,90,90.0,0.0,28857,28857.0,0.0,0.0069005489349365234,0.006218249797821045,0.0001179882080270606
3,1000,5002,54503,172,172.0,0.0,54503,54503.0,0.0,0.022213220596313477,0.02042238712310791,0.0003251943459927489
