,num_items,capacity,optimal_solution,generations,generations,generations,solution,solution,solution,time,time,time
,,,,max,mean,std,max,mean,std,max,mean,std
0,5,69,93,100,99.7,0.9486832980505133,93,93.0,0.0,0.05599188804626465,0.03725934028625488,0.007774161534259033
1,10,52,77,100,100.0,0.0,77,63.2,21.67333230800777,0.06239581108093262,0.05365734100341797,0.003885128135542561
2,15,352,583,100,100.0,0.0,583,583.0,0.0,0.057533979415893555,0.056762409210205075,0.0005305820576638519
3,20,158,460,100,100.0,0.0,435,249.1,120.57312212005534,0.09107685089111328,0.08175578117370605,0.003696400700932184
4,25,183,585,100,100.0,0.0,455,259.7,197.69339335895313,0.09748005867004395,0.09175500869750977,0.0021425478243518948
5,30,383,895,100,100.0,0.0,744,639.5,71.18871633435552,0.10835719108581543,0.1048541784286499,0.00217282068600145
