,num_items,capacity,optimal_solution,generations,generations,generations,solution,solution,solution,time,time,time
,,,,max,mean,std,max,mean,std,max,mean,std
0,100,995,9147,100,100.0,0.0,325,63.94,90.68770032313637,0.2859373092651367,0.2562956237792969,0.004052777275228711
1,200,1008,11238,100,100.0,0.0,0,0.0,0.0,0.6078038215637207,0.5105535292625427,0.016457869163781984
2,500,2543,28857,100,100.0,0.0,0,0.0,0.0,1.6308279037475586,1.279193811416626,0.1130418042680592
3,1000,5002,54503,100,100.0,0.0,0,0.0,0.0,2.6434671878814697,2.315470721721649,0.06977041118788818
